[
  {
    "id": "0033074108",
    "nama": "Adrian Maulani",
    "sekolah": "SMA Negeri 1 Sindangkasih",
    "konsentrasi": "Matematika dan Ilmu Alam (MIA)",
    "kelas": "X MIA 1",
    "peringkat": 3,
    "username": "adrian28",
    "password": "12345",
    "isLoggedIn": false,
    "mataPelajaran": [
      {
        "namaMapel": "Bahasa Indonesia",
        "guru": "Teti Misketi S.Pd",
        "hari": "Senin",
        "jam": "07:00 - 08:30",
        "kehadiran": [
          "H",
          "H",
          "H",
          "A",
          "H",
          "A",
          "H",
          "H",
          "H"
        ],
        "nilai": {
          "uts": 70,
          "uas": 0,
          "total": 0
        }
      },
      {
        "namaMapel": "Matematika Wajib",
        "guru": "Agis Mulyani S.Pd",
        "hari": "Senin",
        "jam": "09:00 - 10:30",
        "kehadiran": [
          "H",
          "A",
          "A",
          "A",
          "H",
          "A",
          "H",
          "A",
          "H"
        ],
        "nilai": {
          "uts": 40,
          "uas": 0,
          "total": 0
        }
      },
      {
        "namaMapel": "Seni Budaya",
        "guru": "Adolf Hitler S.Pd",
        "hari": "Senin",
        "jam": "11:00 - 12:30",
        "kehadiran": [
          "H",
          "A",
          "A",
          "A",
          "H",
          "A",
          "H",
          "A",
          "H"
        ],
        "nilai": {
          "uts": 65,
          "uas": 0,
          "total": 0
        }
      },
      {
        "namaMapel": "Penjaskes",
        "guru": "Aji Suparjo S.Pd",
        "hari": "Selasa",
        "jam": "07:00 - 08:30",
        "kehadiran": [
          "H",
          "H",
          "H",
          "H",
          "H",
          "H",
          "H",
          "H",
          "H"
        ],
        "nilai": {
          "uts": 50,
          "uas": 0,
          "total": 0
        }
      },
      {
        "namaMapel": "Bahasa Jawa",
        "guru": "Sugeng Handoko S.Pd",
        "hari": "Selasa",
        "jam": "09:00 - 10:30",
        "kehadiran": [
          "H",
          "H",
          "A",
          "A",
          "H",
          "A",
          "H",
          "A",
          "H"
        ],
        "nilai": {
          "uts": 70,
          "uas": 0,
          "total": 0
        }
      },
      {
        "namaMapel": "Biologi",
        "guru": "Ari Setyawan S.Pd",
        "hari": "Selasa",
        "jam": "11:00 - 12:30",
        "kehadiran": [
          "H",
          "H",
          "H",
          "H",
          "H",
          "H",
          "H",
          "H",
          "H"
        ],
        "nilai": {
          "uts": 75,
          "uas": 0,
          "total": 0
        }
      },
      {
        "namaMapel": "Kimia",
        "guru": "Sunaryo S.Pd",
        "hari": "Rabu",
        "jam": "07:00 - 08:30",
        "kehadiran": [
          "H",
          "H",
          "H",
          "H",
          "H",
          "H",
          "H",
          "H",
          "A"
        ],
        "nilai": {
          "uts": 70,
          "uas": 0,
          "total": 0
        }
      },
      {
        "namaMapel": "Matematika Peminatan",
        "guru": "John Doe S.Pd",
        "hari": "Rabu",
        "jam": "09:00 - 12:30",
        "kehadiran": [
          "H",
          "H",
          "H",
          "H",
          "H",
          "H",
          "H",
          "H",
          "H"
        ],
        "nilai": {
          "uts": 20,
          "uas": 0,
          "total": 0
        }
      },
      {
        "namaMapel": "Fisika",
        "guru": "Yosi Dahliawati S.Pd",
        "hari": "Kamis",
        "jam": "07:00 - 10:30",
        "kehadiran": [
          "H",
          "H",
          "A",
          "A",
          "H",
          "A",
          "H",
          "A",
          "H"
        ],
        "nilai": {
          "uts": 90,
          "uas": 0,
          "total": 0
        }
      },
      {
        "namaMapel": "Bahasa Inggris",
        "guru": "Herlan Kazuto S.Pd",
        "hari": "Kamis",
        "jam": "11:00 - 12:30",
        "kehadiran": [
          "H",
          "H",
          "A",
          "A",
          "H",
          "A",
          "H",
          "A",
          "H"
        ],
        "nilai": {
          "uts": 90,
          "uas": 0,
          "total": 0
        }
      },
      {
        "namaMapel": "Agama",
        "guru": "Jajang Suwendar S.Pd",
        "hari": "Jum'at",
        "jam": "07:00 - 08:30",
        "kehadiran": [
          "H",
          "A",
          "A",
          "A",
          "H",
          "A",
          "H",
          "A",
          "H"
        ],
        "nilai": {
          "uts": 85,
          "uas": 0,
          "total": 0
        }
      },
      {
        "namaMapel": "Pendidikan Kewarganegaraan",
        "guru": "Hilma Sayuri S.Pd",
        "hari": "Jum'at",
        "jam": "09:00 - 10:30",
        "kehadiran": [
          "A",
          "H",
          "A",
          "A",
          "H",
          "H",
          "H",
          "A",
          "H"
        ],
        "nilai": {
          "uts": 90,
          "uas": 0,
          "total": 0
        }
      }
    ]
  }
]