{"assets/data/dummy_data_siswa.json":["assets/data/dummy_data_siswa.json"],"assets/fonts/OpenSans-Bold.ttf":["assets/fonts/OpenSans-Bold.ttf"],"assets/fonts/OpenSans-BoldItalic.ttf":["assets/fonts/OpenSans-BoldItalic.ttf"],"assets/fonts/OpenSans-Italic.ttf":["assets/fonts/OpenSans-Italic.ttf"],"assets/fonts/OpenSans-Regular.ttf":["assets/fonts/OpenSans-Regular.ttf"],"assets/images/SMANSASIH.png":["assets/images/SMANSASIH.png"],"assets/images/UTY.png":["assets/images/UTY.png"],"assets/images/portrait.jpg":["assets/images/portrait.jpg"],"packages/cupertino_icons/assets/CupertinoIcons.ttf":["packages/cupertino_icons/assets/CupertinoIcons.ttf"]}